pdb_id,wt_or_var,sequence
3aox,wt,GMQMELQSPEYKLSKLRTSTIMTDYNPNYCFAGKTSSISDLKEVPRKNITLIRGLGHGAFGEVYEGQVSGMPNDPSPLQVAVKTLPEVCSEQDELDFLMEALIISKFNHQNIVRCIGVSLQSLPRFILLELMAGGDLKSFLRETRPRPSQPSSLAMLDLLHVARDIACGCQYLEENHFIHRDIAARNCLLTCPGPGRVAKIGDFGMARDIYRASYYRKGGCAMLPVKWMPPEAFMEGIFTSKTDTWSFGVLLWEIFSLGYMPYPSKSNQEVLEFVTSGGRMDPPKNCPGPVYRIMTQCWQHQPEDRPNFAIILERIEYCTQDPDVINTALPIEYGPLVEEEEKV
3bgq,wt,MGSSHHHHHHSSGLVPRGSHMLLSKINSLAHLRAAPCNDLHATKLAPGKEKEPLESQYQVGPLLGSGGFGSVYSGIRVSDNLPVAIKHVEKDRISDWGELPNGTRVPMEVVLLKKVSSGFSGVIRLLDWFERPDSFVLILERPEPVQDLFDFITERGALQEELARSFFWQVLEAVRHCHNCGVLHRDIKDENILIDLNRGELKLIDFGSGALLKDTVYTDFDGTRVYSPPEWIRYHRYHGRSAAVWSLGILLYDMVCGDIPFEHDEEIIRGQVFFRQRVSSECQHLIRWCLALRPSDRPTFEEIQNHPWMQDVLLPQETAEIHLHSLSPGPSK
4dfx,wt,GNAAAACKGSEQESVKEFLAKAKEDFLKKWETPSQNTAQLDQFDRIKTLGTGSFGRVMLVKHKESGNHYAMKILDKQKVVKLKQIEHTLNEKRILQAVNFPFLVKLEFSFKDNSNLYMVMEYVAGGEMFSHLRRIGRFSEPHARFYAAQIVLTFEYLHSLDLIYRDLKPENLLIDQQGYIQVTDFGFAKRVKGRTWTLCGTPEYLAPEIILSKGYNKAVDWWALGVLIYEMAAGYPPFFADQPIQIYEKIVSGKVRFPSHFSSDLKDLLRNLLQVDLTKRFGNLKNGVNDIKNHKWFATTDWIAIYQRKVEAPFIPKFKGPGDTSNFDDYEEEEIRVSINEKCGKEFTEF
4e3a,wt,MHHHHHHSSGVDLGTENLYFQSMTRFDVLTVGNAIVDIISRCNDQFLIDNQITKAAMNLIDAERAELLYSRMGPALEASGGSAGNTAAGVANLGGKAAYFGNVAADQLGDIFTHDIRAQGVHYQTKPKGAFPPTARSMIFVTEDGERSMNTYLGACVELGPEDVEADVVADAKVTYFEGYLWDPPRAKEAILDCARIAHQHGREMSMTLSDSFCVDRYRGEFLDLMRSGKVDIVFANRQEALSLYQTDDFEEALNRIAADCKIAAVTMSENGAVILKGRERYYVNAIRIREVVDTTGAGDLFASGFLYGYTQGRSLEDCGKLGCLAAGIVIQQIGPRPMTSLSEAAKQAGLI
5i9u,wt,GDPNQAVLKFTTEIHPSCVTRQKVIGAGEFGEVYKGMLKTSSGKKEVPVAIKTLKAGYTEKQRVDFLGEAGIMGQFSHHNIIRLEGVISKYKPMMIITEYMENGALDKFLREKDGEFSVLQLVGMLRGIAAGMKYLANMNYVHRDLAARNILVNSNLVCKVSDFGLSRVLEDDPEATYTTSGGKIPIRWTAPEAISYRKFTSASDVWSFGIVMWEVMTYGERPYWELSNHEVMKAINDGFRLPTPMDCPSAIYQLMMQCWQQERARRPKFADIVSILDKLIRAPDSLKTLADFDPRVSIRLPSTSG
5wjj,wt,GAMGSMSQERPTFYRQELNKTIWEVPERYQNLSPVGSGAYGSVCAAFDTKTGLRVAVKKLSRPFQSIIHAKRTYRELRLLKHMKHENVIGLLDVFTPARSLEEFNDVYLVTHLMGADLNNIVKSQKLTDDHVQFLIYQILRGLKYIHSADIIHRDLKPSNLAVNEDSELKILDFGLARHTDDEMTGYVATRWYRAPEIMLNWMHYNQTVDIWSVGCIMAELLTGRTLFPGTDHIDQLKLILRLVGTPGAELLKKISSESARNYIQSLTQMPKMNFANVFIGANPLAVDLLEKMLVLDSDKRITAAQALAHAYFAQYHDPDDEPVADPYDQSFESRDLLIDEWKSLTYDEVISFVPPPLDQEEMES
6i2a,wt,GHMGNAAAAKKGSEQESVKEFLAKAKEEFLKKWESPSQNTAQLDHFDRIKTLGTGSFGRVMLVKHKETGNHYAMKILDKQKVVKLKQIEHTLNEKRILQAVNFPFLVKLEFSFKDNSNLYMVMEYVPGGEMFSHLRRIGRFSEPHARFYAAQIVLTFEYLHSLDLIYRDLKPENLLIDQQGYIQVTDFGFAKRVKGRTWTLCGTPEYLAPEIILSKGYNKAVDWWALGVLIYEMAAGYPPFFADQPIQIYEKIVSGKVRFPSHFSSDLKDLLRNLLQVDLTKRFGNLKNGVNDIKNHKWFATTDWIAIYQRKVEAPFIPKFKGPGDTSNFDDYEEEEIRVSINEKCGKEFTEF
6vwo,wt,GSHMKFPGKRKSKHYFPVNARDPLLQQFQPENETSAAWVVGIDQTLVDIEAKVDDEFIERYGLSAGHSLVIEDDVAEALYQELKQKNLITHQFAGGTIGNTMHNYSVLADDRSVLLGVMCSNIEIGSYAYRYLCNTSSRTDLNYLQGVDGPIGRCFTLIGESGERTFAISPGHMNQLRAESIPEDVIAGASALVLTSYLVRCKPGEPMPEATMKAIEYAKKYNVPVVLTLGTKFVIAENPQWWQQFLKDHVSILAMNEDEAEALTGESDPLLASDKALDWVDLVLCTAGPIGLYMAGFTEDEAKRKTQHPLLPGAIAEFNQYEFSRAMRHKDCQNPLRVYSHIAPYMGGPEKIMNTNGAGDGALAALLHDITANSYHRSNVPNSSKHKFTWLTYSSLAQVCKYANRVSYQVLNQHSPRLTRGLPEREDSLEESYWDR
6xx6,wt,MMSKARVYTEVNVIRPKDYWDYESLIVQWGEQDDYEVVRKVGRGKYSEVFEGINVNSKEKCIIKILKPVKKKKIRREIKILQNLCGGPNIVKLLDVVRDQHSKTPSLIFEYVNSTDFKVLYPTLTDYDIRYYIYELLKALDFCHSQGIMHRDVKPHNVMIDHELRKLRLIDWGLAEFYHPGKEYNVRVASRYFKGPELLVDLQDYDYSLDMWSLGCMFAGMIFRKEPFFYGHDNQDQLVKIAKVLGTDELNAYLNKYQLELDPQLEALVGRHSRKPWSKFINADNQHLVSPEAIDFLDKLLRYDHQDRLTAKEAMAHAYFAQVRAAETSRMRSQLEHHHHHH
8ias,wt,MGSSHHHHHHSSGLVPRGSHMNKRVKIVATLGPAVEIRGGKKFGEDGYWGEKLDVEASAKNIAKLIEAGANTFRFNFSHGDHQEQGERMATVKLAEKIAGKKVGFLLDTKGPEIRTELFEGEAKEYSYKTGEKIRVATKQGIKSTREVIALNVAGALDIYDDVEVGRQVLVDDGKLGLRVVAKDDATREFEVEVENDGIIAKQKGVNIPNTKIPFPALAERDNDDIRFGLEQGINFIAISFVRTAKDVNEVRAICEETGNGHVQLFAKIENQQGIDNLDEIIEAADGIMIARGDMGIEVPFEMVPVYQKMIIKKVNAAGKVVITATNMLETMTEKPRATRSEVSDVFNAVIDGTDATMLSGESANGKYPLESVTTMATIDKNAQALLNEYGRLDSDSFERNSKTEVMASAVKDATSSMDIKLVVTLTKTGHTARLISKYRPNADILALTFDELTERGLMLNWGVIPMLTDAPSSTDDMFEIAERKAVEAGLVESGDDIVIVAGVPVGEAVRTNTMRIRTVR
3aox,var,KRQQELQSPEYQLSKLRTNTIMTDYNPNYCFAGKTSSVSDLKEVPRKNITLIRGLGHGAFGEVYEGQVFGMPNDPSPLQVAVKTLPEVCSEQDELDFLMEALIISKFNHPNIVRCIGVSLQSLPRFILLELMAGGDLKSFLRETRPRPGQPSSLTMQDLLHIARDIAKGCQYLEENHFIHRDIAARNCLLTSPGPGRVAKIGDFGMARDIYRASYYRKGGQAMLPVKWMPPESFMDGVFTSKTDVWSFGVLLWEIFSLGYMPYPSKSNQEVMEYITSGGRMEPPRNCPGPVYSIMTQCWQHQPEDRPNFSTILERIDYCTQDPDIINTSLPIQYSTLSEEEEEV
3bgq,var,SSHHHHHHSSSGGLFSSLKKKLHHHHSSSSHHHSHSHPDLSSLGPGPGPGPGSLEEVYEKGELLGKGGFGSVYAGKRKSDGLPVALKFIPKEKVSSWVTLPGGKKVPLEIALLEKVSGGSPGVIRLLDWFEREDSFVLVLERPSPCQDLFDFISQEGPLGEDRARPLFLQVLEAVRHCHSRGVLHRDIKDENILIDTSSLQLKLIDFGSGALLKEGPYRDFEGTRVYSPPEWFREGRYQGRPATVWSLGVLLYQLLCGDLPFREEEEILEGRLRFSRPLSPECQDLIRRCLALRPQDRPSLEELLAHPWARGPAGAPGAPGPGPGAPGGPPPP
4dfx,var,PAPAAAAPAAAAPNPQEELKKQKEEFEKQWNQNKPQNIQVSQFELLKTLGTGTFGRVMLVKNKQNNQYYAMKILEKQKIVKLKQVEHTLNEKKILQQVNFPFLVKLEFAFKDAQNLYLVMEFVNGGELFSHLRRVGKFNEQTTKFYAAQIVLAFEYLHQMDIIYRDLKPENLLLDNQGYIKLTDFGFAKQAQDRTWTFCGTPEYLAPEIILSKGYNKAVDWWALGILIFEMAAGYPPFYSEEPFKIYEKIVQGQIQFPQNFSQDLKDLIKNLLQQDLSKRFGNLKNGVQDIKQHKWFANFDWNQLYQKKIQAPFVPKLNGPGDTSNFDEFPEEVVQQNQNQDWDKDFLQQ
4e3a,var,MHHHHHHHHGVDLSKVNLKDVDFSKYDVVAIGNAIVDVLSKVNEEFLKENGIEKGSMNLIDEKKAEELYSKIGESVEISGGSAANTAVGVASFGGKAAFIGKVKDDKLGEIFINDMKKAGVEFVTPPKEKGVSTARSIVFITPDAQRTMNTFLGASTEFSPEDVNEELVKNSKILYLEGYLFDPPKAKEAFLKAVEIAKKEGKIVSLTLSDPFCVERHRDEFLELLKSGKVDIVFANKDEAKALYGVDDFEEALKKISKDVKIAVITDSENGAYIAKGDEKVFIPAYPVKEVVDTTGAGDLFASGFLYGFVKGKSLEECGKLGSLAASIVISKIGARPEVSLLEEAKKAGLW
5i9u,var,KELQAAFEAKLKEFKESEITKEKLVGEGQFGQVWKGKLKLKKEGVEVPVAIKTLKANADDKTKKDFLKEAAIMKKFDHPNIIKLLGVVTKSEPLCIITEFMENGALNVYLKKHEGELTTLDLVRMCRDVALGMKYLESKKFVHRDLACRNVLVGANKVCKVADFGLSRELEDDDSYYTMTSGGKLPIKWTAPEALTYGKFTSASDVWSFGVVMWEVLTRGAKPYAELTNEQARARVRDGHRLARPDATPAPLYDVMLACWHPDPDARPTFAALVDALDALVDAARATPPPSRAPSRPASARPPSAR
5wjj,var,MMQQQQQQQQQQFYKVQINGQTWEVDQRYQNIQPIGSGAYGIVCSANDTITGEKVAIKKLTKPFDNITHAKRAYREIKLLKHFNHENIIGLKDIFKPQKPLEEFKDIYLVTELLSTDLGKILKTQKLTDDHIQFFIYQILRGLKYIHSANIIHRDLKPANLAINENCDLKILDFGLAREVGDHMTEYVSTRWYRAPEIMLTYKQYSQAVDIWSVGCIFAELLTGKPLFPGKDYIHQLQLIMNVIGTPDPEVMKKINSEQARRYIQNLPQQPKKNFQQLFPNANPQAIDLLEKMLVFDPDKRITAAEALQHPYLAQYHNPDDEPTAEPFDWSFEDQDLSIQQIKELIYQEVLNYHPPELTEEQKKK
6i2a,var,EDQRDDDGSGGGGAGSSG
6vwo,var,MMKIKLPFGKKQEVEVPAEVLEQLKQAQPVEKPAKPRKLVGLDQVLVDVVAKVDDAFLEKHGLEKGGSKLVTQEEAEALYKELKDAGVVERVDVGGSLGNTLHDYAALTDDVGVVVGKVAKDDEYGTFLENYLKEHTDKVDLSYLKRGDGVTGRCIVLTTPDAERTFLTYRGVSATLDASDVPEDVIASADALLVSSYLLKAKPDEPAYQAALKAAEVAKKHNVPVVFTLGTKEVVADNLDFWKQFLPQYATVVAMNEEEAEALTGEKDFDAMVAKLKDYVDVLVLTAGEKGLYAYALSDEEAKRLAELPLPEGEERELTEEEKAYLEQHPDAPKPVKVVKAFVPYDKLPEGAKSTLGAGDATVAGLLHALAVDGVLDPEHPYDKEHPLPKLTEEQLVRAVKYGQAVSLAKLYKDGPATKQDVLDLLPQIEAELAKD
6xx6,var,APPPPPAYADVHAARARDYWDYEARPVAWGGQDDYEVVRKVGRGKYSEVFEGARRGTGERVVVKILKPVKKKKIKREIKILENLRGGPNVIALLDVVRDGGGGGAALVFEHVNNTDFKQLYQNLTDYDIKYYMYELLRALDFCHSQGIMHRDVKPHNVMIDHGRRRLRLIDWGLAEFYHPGQEYNVRVASRYYKGPELLVDFQEYDYSLDIWSLGCMLAGMIFRKEPFFHGHDNYDQLVKIAKVLGTDDLYAYLDKYRIPLDPRFDEVMPKHPRKPWDKFILPENRHYATPEALDLLDKMLRYDHAERITAKEAMAHPYFTTTTTTTAAAAAAAAAHHHHHH
8ias,var,MHHHHHHHHHAPVFEPVVGSKNNPTKIIATIGPAITIGGGVKDGKDGKDGKKVDLEESAKQIAKLIEAGANVFRFNFSHGDHAEQAERLANLKLAEKLTGKTVAVMLDTKGPEIRTGVFEGGKKEYPVKKGDKVKFVAKEGEKASKDVFTIPVDGKYPIYEDVKVGDLVLIDDGRIRTKVVAKDDAKKEITAEVENDFVLGERKGINLPGVKLSAPALTQKDKDDIKFAVEKGFDFLALSFVRNAADINEVRALLKELKADNVKIIAKIENQEGLDNLDEIIAAADGIMVARGDLGVEIPFEQVPVAQKLIIKKANAAGKVVITATQMLESMIENPTPTRAEVSDVFNAVMDGTDAVMLSGETAVGKYPVEAVAAMDKTIRAAEAYLKETGKLPEKVVKVESEADAIANATRQAALDLEVKAIVAFTKSGSTARLVSKYRPAAPIFALTPDEKTARRLALSWGVYPVLAEAPKTTDEMFALAEKKLKELKLAAAGDKVVITAGVPVAEVGRTNMMQIRTLA
1btw,wt,VDDDDKIVGGYTCGANTVPYQVSLNSGYHFCGGSLINSQWVVSAAHCYKSGIQVRLGEDNINVVEGNEQFISASKSIVHPSYNSNTLNNDIMLIKLKSAASLNSRVASISLPTSCASAGTQCLISGWGNTKSSGTSYPDVLKCLKAPILSDSSCKSAYPGQITSNMFCAGYLEGGKDSCQGDSGGPVVCSGKLQGIVSWGSGCAQKNKPGVYTKVCNYVSWIKQTIASN
1hxw,wt,PQITLWQRPLVTIKIGGQLKEALLDTGADDTVLEEMNLPGRWKPKMIGGIGGFIKVRQYDQILIEICGHKAIGTVLVGPTPVNIIGRNLLTQIGCTLNF
2fyq,wt,MAHHHHHHDDDDKAPPTLWSRVTKFGSGWGFWVSPTVFITTTHVVPTGVKEFFGEPLSSIAIHQAGEFTQFRFSKKMRPDLTGMVLEEGCPEGTVCSVLIKRDSGELLPLAVRMGAIASMRIQGRLVHGQSGMLLTGANAKGMDLGTIPGDCGAPYVHKRGNDWVVCGVHAAATKSGNTVVCAVQAGEGETALE
3beu,wt,VVGGTRAAQGEFPFMVRLSMGCGGALYAQDIVLTAAHCVSGSGNNTSITATGGVVDLQSSSAVKVRSTKVLQAPGFTKETYGKDWALIKLAQPINQPTLKIATTTAYNQGTFTVAGWGANREGGSQQRYLLKANVPFVSDAACRSSSSFILVANEMICAGYDTKQEDTCQGDSGGPMFRKDNADEWVQVGIVSWGEGCARKGKYGVYTEVSTFASAIASAARTL
3snd,wt,SGFRKMAFPSGKVEGCMVQVTCGTTTLNGLWLDDTVYCPRHVICTAEDMLNPNYEDLLIRKSNHSFLVQAGNVQLRVIGHSMQNCLLRLKVDTSNPKTPKYKFVRIQPGQTFSVLACYNGSPSGVYQCAMRPNHTIKGSFLNGSCGSVGFNIDYDCVSFCYMHHMELPTGVHAGTDLEGKFYGPFVDRQTAQAAGTDTTITLNVLAWLYAAVINGDRWFLNRFTTTLNDFNLVAMKYNYEPLTQDHVDILGPLSAQTGIAVLDMCAALKELLQNGMNGRTILGSTILEDEFTPFDVVRQCSGVTFQ
3sv6,wt,GSHMASMKKKGSVVIVGRINLSGDTAYAQQTRGEEGCQETSQTGRDKNQVEGEVQIVSTATQTFLATSINGVLWTVYHGAGTRTIASPKGPVTQMYTNVDKDLVGWQAPQGSRSLTPCTCGSSDLYLVTRHADVIPVRRRGDSRGSLLSPRPISYLKGSSGGPLLCPAGHAVGIFRAAVSTRGVAKAVDFIPVESLETTMRSP
4ink,wt,GSENSVKLITNTNVAPYSGVTWMGAGTGFVVGNHTIITNKHVTYHMKVGDEIKAHPNGFYNNGGGLYKVTKIVDYPGKEDIAVVQVEEKSTQPKGRKFKDFTSKFNIASEAKENEPISVIGYPNPNGNKLQMYESTGKVLSVNGNIVTSDAVVQPGSSGSPILNSKREAIGVMYASDKPTGESTRSFAVYFSPEIKKFIADNLDK
5gpi,wt,GSGALWDVPAPKEVKKGETTDGVYRVMTRRLLGSTQVGVGVMQEGVFHTMWHVTKGAALRSGEGRLDPYWGDVKQDLVSYCGPWKLDAAWDGLSEVQLLAVPPGERAKNIQTLPGIFKTKDGDIGAVALDYPAGTSGSPILDKCGRVIGLYGNGVVIKNGSYVSAITQGKREEETPVE
8cnx,wt,CEDDYNDAVLSVHTSKFPNMYIPVGQVTNYGFLNLGGTPTHRILMYNFPTRAGQCGGVVTTTGKVIGIHVGGNGAQGFAAMLLHSYFTDTQKHHHHHH
8inq,wt,SGFRKMAFPSGKVESCMVQVTCGTTTLNGLWLDDVVYCPRHVICTSEDMLNPNYEDLLIRKSNHNFLVQAGNVQLRVIGHSMQNCVLKLKVDTANPKTPKYKFVRIQPGQTFSVLACYNGSPSGVYQCAMRPNFTIKGSFLNGSCGSVGFNIDYDCVSFCYMHHMELPTGVHAGTDLEGNFYGPFVDRQTAQAAGTDTTITVNVLAWLYAAVINGDRWFLNRFTTTLNDFNLVAMKYNYEPLTQDHVDILGPLSAQTGIAVLDMCASLKELLQNGMNGRTILGSALLEDEFTPFDVVRQCSGVTFQ
1btw,var,PSTDDKIVGGKECKPHSQPWQISLQTKKHFCGGSLIHPQWVLSAAHCFKKKIKIRLGEHSIKKKEGTEQLITSTKYFRHKKYNSKTHNNDIMLLKLPKKAKLTKAVKTIPLPKKCASPGTQCLVSGWGTLSSPSTSYPDTLRCVSVPVLSKKKCKKKYKKKITKNMLCAGLPEGGKDSCQGDSGGPLVCNKVLQGIVSWGEGCARPKKPGVYTNVCKFKKWIKKKMKKD
1hxw,var,KIKEIKEGPYIKIKIEGEEKEMLIDSGSEITIIKEEIYPKNIKEKEIEGIGGKIKIKKAPPIKIEIEGIKKEIPILITNTPIPLLGRDILTQIKATLDL
2fyq,var,HHHHHHEEEEEEEAAAPWWARVVDFGKGHGVMVSPRLFVTCTHVVPEGFKGFKGEELKEEDFKALGDLCLARCASGKHPDITGKFLAAAPPAGAAAHLLLRKASGEALRAPVAAAGAFAYAAAGAAPERREGWLAAGGAAAGAALATQPGDCGAALLLQRGADYFLAGLHTLAAPGGRCG
3beu,var,MVGGQRAQQGEFPWMVYLSTGCGGALVAPDVVVTAAHCVAGRGANQTVTAYFNVLDLNSSQGVSVRSSQIWTAPGYSYPNYDRDIAVIRLAQPVNQPTIRLATQAEVNQGNFVVAGFGRTSEGGSSSRYLLKANVPYVPDATCRNASYYNNNYQTMICAGYPQGGVDSCQGDSGGPLMRRQANGEYVLVGLVSWGEGCARPNRYGVYTRVAAYQSEIQAAMRRS
3snd,var,AQQQQRFGMQMQAPAAMVEVQLGGQKLNGLFADDVLYVPKHAVFSEQDLQNPQNQQLVERLKKENPVVTFQGKQFKVQSVKFENDLVALKLEGQGPKYPKVQFAQAQPGQLVAITTNFQGQGFQTQNYQVNPDGTVSGVSRPGDCGSVGCLVQNGQATIVCMHKGVLPNGQAVFTKLDASKFEVKQEQKAPSFMDSFMGSEMDMMNKMASMDQQGMQSFMSQMSSMMTPEQLKAAGFEYKPGEDAFTAGLMKHSKVQPVEGVDMSEVVAESARRLNAAAAAAGVPVVGKVESVQDNFERLMQDPDA
3sv6,var,SSGSGSGGGGGVVVVEEEEGGGGVTAYAQQTRGLLGCIITSLTGRDKNQVEGEVQIVSTATQTFLATCINGVCWTVYHGAGTRTIASPKGPVIQMYTNVDQDLVGWPAPQGARSLTPCTCGSSDLYLVTRHADVIPVRRRGDSRGSLLSPRPVSYLKGSSGGPLLCPSGHAVGIFRAAVCTRGVAKAVDFIPVESMETTMRSL
4ink,var,IAEKSSVYINITSKNPQTGEEKKFSGSGFFASPDTIVTNKHVVEGAKKGDEISITPSDPNNPNLGKFKVLEVKDFPNNPDLAILKVDPNTLSPNAKTLKDKFPTLKLGENPKEGEKLKIVGYPLPEGKPNTPTISEGKVLKNEGKLFQVEANLAPGNSGGPVLNDKNEVVGIATLINPNNPNEKTGYILSLTPPIKKFLEENLKS
5gpi,var,SPPPPPPPPPPPPPPPKVKVEGVYRVEVTSFFGLSFVGTGFVVGGVFYTCHHVVGGKKVKVGPHTLTLTHEDKKRDLAAYTHTLPEGVALEGVEGLTLHTHTPHTLPEGVRALEGVVEVEDGEFLRTTLDYTNGSSGSPLLDGEGRVVGLHNAARCVVEGEGVVEEDDDDEEEEEEEG
8cnx,var,KGPSLEFATALMKRNCVLARGDKGEFTMLGVHDRLAILPKHANPGETLWINDVETKVVEVKELRDEDDVNLELTLVQLDKNQKFRDIRKFLPEEVEDCDDAVLMVNTANFPNMYIPVGAVTEHGFMNLGGKPTARVMTYNYPTRAGQCGGVVCTAGKVLGIHIGGNGVQGFSAALMRKYFEEEEHHHHHHH
8inq,var,VGGVRGGVAKGVEFGCVVEVSDGKTTCFGVALGDTLYVPRHVLNDAQTLLDANVKTLTLKAKGANVFGGAKGVELKVVGVSKERDVLKLKVDVKGLNVKGAKFAKVGDVKSGVFALNVDGVTQNVTQFGVTQNGVYVAQTQKGMCGALGVVVDKNGAKIVAMHVGANAQNVGVAQVFDVDEFEDVEFDEFEFTPQTNVVLDGVVLDGVKTKGVKTNVEFVEPLKHTKTKLTLLGELPHKTPLHKTTLDALKPLLKTHNITPSKHTPRLFDVYETQNGVKTPLCALAYDTTLPLDDVCAAFADTLRA
1axe,wt,STAGKVIKCKAAVLWEEKKPFSIEEVEVAPPKAHEVRIKMVATGICRSDDHVVSGTLVTPLPVIAGHEAAGIVESIGEGVTTVRPGDKVIPLWTPQCGKCRVCKHPEGNFCLKNDLSMPRGTMQDGTSRFTCRGKPIHHFLGTSTFSQYTVVDEISVAKIDAASPLEKVCLIGCGFSTGYGSAVKVAKVTQGSTCAVFGLGGVGLSVIMGCKAAGAARIIGVDINKDKFAKAKEVGATECVNPQDYKKPIQEVLTEMSNGGVDFSFEVIGRLDTMVTALSCCQEAYGVSVIVGVPPDSQNLSMNPMLLLSGRTWKGAIFGGFKSKDSVPKLVADFMAKKFALDPLITHVLPFEKINEGFDLLRSGESIRTILTF
1mx3,wt,MGSSHHHHHHSSGLVPRGSHMPLVALLDGRDCTVEMPILKDVATVAFCDAQSTQEIHEKVLNEAVGALMYHTITLTREDLEKFKALRIIVRIGSGFDNIDIKSAGDLGIAVCNVPAASVEETADSTLCHILNLYRRATWLHQALREGTRVQSVEQIREVASGAARIRGETLGIIGLGRVGQAVALRAKAFGFNVLFYDPYLSDGVERALGLQRVSTLQDLLFHSDCVTLHCGLNEHNHHLINDFTVKQMRQGAFLVNTARGGLVDEKALAQALKEGRIRGAALDVHESEPFSFSQGPLKDAPNLICTPHAAWYSEQASIEMREEAAREIRRAITGRIPDSLKNCVNK
2bhp,wt,MTVEPFRNEPIETFQTEEARRAMREALRRVREEFGRHYPLYIGGEWVDTKERMVSLNPSAPSEVVGTTAKAGKAEAEAALEAAWKAFKTWKDWPQEDRSRLLLKAAALMRRRKRELEATLVYEVGKNWVEASADVAEAIDFIEYYARAALRYRYPAVEVVPYPGEDNESFYVPLGAGVVIAPWNFPVAIFTGMIVGPVAVGNTVIAKPAEDAVVVGAKVFEIFHEAGFPPGVVNFLPGVGEEVGAYLVEHPRIRFINFTGSLEVGLKIYEAAGRLAPGQTWFKRAYVETGGKDAIIVDETADFDLAAEGVVVSAYGFQGQKCSAASRLILTQGAYEPVLERVLKRAERLSVGPAEENPDLGPVVSAEQERKVLSYIEIGKNEGQLVLGGKRLEGEGYFIAPTVFTEVPPKARIAQEEIFGPVLSVIRVKDFAEALEVANDTPYGLTGGVYSRKREHLEWARREFHVGNLYFNRKITGALVGVQPFGGFKLSGTNAKTGALDYLRLFLEMKAVAERF
2ejw,wt,MEALKIALLGGGTVGSAFYNLVLERAEELSAFGVVPRFLGVLVRDPRKPRAIPQELLRAEPFDLLEADLVVEAMGGVEAPLRLVLPALEAGIPLITANKALLAEAWESLRPFAEEGLIYHEASVMAGTPALSFLETLRGSELLELHGILNGTTLYILQEMEKGRTYAEALLEAQRLGYAEADPTLDVEGIDAAHKLTLLARLLVDPGFPFAEVEAQGIARLTPEVLQKAEARGERVRLVASLFGEGGRWRAAVAPRRLPQDHPLARARGNALWVRARPLGEAFVTGPGAGGGATASGLFADLLRFLSGAPGHLPAPRARPPLEEGSPWPGVE
2o3j,wt,MTDQVFGKVSKVVCVGAGYVGGPTCAMIAHKCPHITVTVVDMNTAKIAEWNSDKLPIYEPGLDEIVFAARGRNLFFSSDIPKAIAEADLIFISVNTPTKMYGRGKGMAPDLKYVESVSRTIAQYAGGPKIVVEKSTVPVKAAESIGCILREAQKNNENLKFQVLSNPEFLAEGTAMKDLANPDRVLIGGESSPEGLQAVAELVRIYENWVPRNRIITTNTWSSELSKLVANAFLAQRISSINSISAVCEATGAEISEVAHAVGYDTRIGSKFLQASVGFGGSCFQKDVLSLVYLCESLNLPQVADYWQGVININNWQRRRFADKIIAELFNTVTDKKIAIFGFAFKKNTGDTRESSAIHVIKHLMEEHAKLSVYDPKVQKSQMLNDLASVTSAQDVERLITVESDPYAAARGAHAIVVLTEWDEFVELNYSQIHNDMQHPAAIFDGRLILDQKALREIGFRTFAIGTSPDQAYNLFGTAGY
2qta,wt,SERFPNDVDPIETRDWLQAIESVIREEGVERAQYLIDQLLAEARKGGVNVAAGTGISNYINTIPVEEQPEYPGNLELERRIRSAIRWNAIMTVLRASKKDLELGGHMASFQSSATIYDVCFNHFFRARNEQDGGDLVYFQGHISPGVYARAFLEGRLTQEQLDNFRQEVHGNGLSSYPHPKLMPEFWQFPTVSMGLGPIGAIYQAKFLKYLEHRGLKDTSKQTVYAFLGDGEMDEPESKGAITIATREKLDNLVFVINCNLQRLDGPVTGNGKIINELEGIFEGAGWNVIKVMWGSRWDELLRKDTSGKLIQLMNETVDGDYQTFKSKDGAYVREHFFGKYPETAALVADWTDEQIWALNRGGHDPKKIYAAFKKAQETKGKATVILAHTIKGYGMGDAAKGKNIAHQVKKMNMDGVRHIRDRFNVPVSDADIEKLPYITFPEGSEEHTYLHAQRQKLHGYLPSRQPNFTEKLELPSLQDFGALLEEQSKEISTTIAFVRALNVMLKNKSIKDRLVPIIADEARTFGMEGLFRQIGIYSPNGQQYTPQDREQVAYYKEDEKGQILQEGINELGAGCSWLAAATSYSTNNLPMIPFYIYYSMFGFQRIGDLCWAAGDQQARGFLIGGTSGRTTLNGEGLQHEDGHSHIQSLTIPNCISYDPAYAYEVAVIMHDGLERMYGEKQENVYYYITTLNENYHMPAMPEGAEEGIRKGIYKLETIEGSKGKVQLLGSGSILRHVREAAEILAKDYGVGSDVYSVTSFTELARDGQDCERWNMLHPLETPRVPYIAQVMNDAPAVASTDYMKLFAEQVRTYVPADDYRVLGTDGFGRSDSRENLRHHFEVDASYVVVAALGELAKRGEIDKKVVADAIAKFNIDADKVNPRLA
5ur0,wt,HHHHHHSSGLVPRGSHMVKIGINGFGRIGRLVFRASLERTDVEVVAINDIMMTPEYMIYMIKYDTVHGKFHGKLEHTEKSIIVNGREIHVLCERDPEQLPWGQHNVEYVVESTGIFTKLDSAAKHLKGGAKRVVISAPADTPTFVMGVNNHEYKPEMTVINNASCTTNCLAPIAAVLHENFGIVEGLMTTVHAVTATQPTVDAPSRKDWRGGRAAGYNIIPSSTGAAKAVGLVIPSLNGKLTGMAFRVPTVDVSVVDLTCRLEKPATKKQIDEAMKAASESERFKGILKFTDEEVVSSDFVHDSASSTYDSKASICLNEHFVKVVAWYDNEWGYSNRVLDLIKSTAKIQ
6d9y,wt,MAHHHHHHMNRIDLEGRVVVITGGARGIGYAVAQRALRSGAAVALWDLDAERLARSERELAELGKVCAVTVDQTKEAQIEAAVGKTLAAFGAIDVLINCAGITGGNGTTWELEPDVWRQVIDVNLIGPYLVCRAVVPQMLKQGYGRIVNIASVAGKEGNPNASHYSASKAGLIGLTKSLGKELATKNILVNAVTPAAAKTEIFDSMKQEHIDYMLSKIPMNRFLLPDEAASLILWLGSEDCAFSTGSVFDLSGGRATY
7mx6,wt,SMSLQVNLLNNTFANPFMNAAGVMCTTTEELVAMTESASGSLVSKSCTPALREGNPTPRYQALPLGSINSMGLPNNGFDFYLAYAAEQHDYGKKPLFLSMSGLSMRENVEMCKRLAAVATEKGVILELNLSCPNVPGKPQVAYDFDAMRQCLTAVSEVYPHSFGVKMPPYFDFAHFDAAAEILNEFPKVQFITCINSIGNGLVIDAETESVVIKPKQGFGGLGGRYVLPTALANINAFYRRCPGKLIFGCGGVYTGEDAFLHVLAGASMVQVGTALQEEGPSIFERLTSELLGVMAKKRYQTLDEFRGKVRTLDGTAESTR
1axe,var,MMSGKVIKCKAAVVWEPGKPFVVEEVEVAPPKAHEVRVKIVATGICHSDEHVMKGDIPFPVPIVGGHEGAGIVESVGEGVKTVKPGDHVLTVFTGQCGKCRECESERSSMCLKGSANTEKGMMLDGTTRFSVKGKPVHHFLNVSSFSEYTVVDEGSVVKIDPAAPLEKICLLGCGVSTGYGAAVNTAKVTKGSTVVVFGIGGVGLSAIMGAKAAGAARIIGVDLNADKLAKAKELGATETINPAEVKKPVADVIKEMTDGGADFAFECIGRTDVIQAAFDSTALGWGVTVVLGVAPADAQIAVHPMKLLSGRVLKGSLFGGLKPKTDLPKIAADYLAGKIDLDKMVTHTMPLEKINDAFDLMMSGKSLRCVILP
1mx3,var,SMSHHHHHHHGGGGGGGGGPRPLVALLDGRDCTVEMPILKDLATVAFCDAQSTQEVHEKVLNEAVGALLYHTITLVREDLEKFKALRVVVRIGSGYDNIDIKAAGELGVAVCNTPSGCVEETADSTLCLILNLYRRVTWLSQALREGRRVSSLEEVRQVASGCSRIRGDTLGLVGLGRVGTAVALRAQAFGFRVLFYDPYLPDGTERSLGVERVHSLQELLSQSDCVSLHCRLNEETRHIINTPTLKQMKKGAYLVNTARGGLVDERALAQALQEGHLAGAAVDVLEQEPPDLQGSPLLQAPNLLCTPHVAWYSQQACQELRETAAQEVRRALQGLRPPSLENQVSP
2agl,var,AGGGGGGGGGGHHQQQQPPPQEEEEEECTTHTHCTLLPGGGGCCAPTTTTCPPTHTPLPHTHNTHTHNNNNNNTHTTTTCCAPDPTLHTCTLPGGGGRVYRAGEEWTEPGCARCVCGGDGVARCVGGGGGGGGGG
2bhp,var,RMALEFKNEPLTDFASPEARKAMEEALKKVKEGLGRTYPLFIGGEWKETPERFKSVNPARPEEVVGEVARAGKAEAEAALEAAYEAFKAWRFTPPEERARLLFKAAALMRERRAELEALLVLEAGKTWEEARGDVAEAIDFLEFYGREALRLGREGRELEVLPGEKNLLLYEPLGVGLVITPWNFPAAIFAGMTAAALVAGNTVVAKPAEETPLVAAKVLEVFKEAGFPPGVVNFLPGLGAEVGAYLVSHPKVRFISFTGSKEVGLKILEAAAKVQPGQKWLKRAVFEMGGKDAIVVDETADPDLAAAGVVRSAFGFQGQKCSACSRLILVEGAYEKVLEKVVKAAEGLKVGPGLENPDVGPLISPEAEKRVLSYIELGEKEGRLVLGGKALKGEGRFVAPTVFAEVDPKARIAQEEIFGPVLAVLKAKDFEEALEVANATEYGLTGGVFSLNKAHLERAKREFEVGNLYFNRGITGALVGRQPFGGFKLSGTGVKAGGPEYLKAFLEVKAVSERW
2ejw,var,PMRLRVALLGLGTVGGAFLELALARRGELEALGLEPLFLKALVRDPSKPRPLPKGLLSPDPRDLLEADLVVEALPGLEAPLPLALEALKAGRHLVTANKALLALHGEALAPFLGEGRLGFEASVGGGIPLLEALEGLKGLEVLEVRGILNGTTNFLLGELARGRPYPEALREAQRLGYAEADPSLDVEGLDAAHKLALLARLAFGLPLPLEGVRREGITSLSPEALARAKARGEVLKLLASLEREGEGLKAWVGPRALPPSHPLAQVEGNGLWVRPSPLGEAFFLGRGAGGRPTASALLGDLLRLLRAPKAPSPLPPSPPSPGGAPSPPPSP
2o3j,var,MMTTTTTKLKKIVCVGAGYVGGPTGAVIASKCPDVQVTVVDINAQRVEAWNNDKLPIYEPGLPEAVAAVKGKNLFFTTELGPALADADIIMIAVNTPTKTYGVGAGTAADMSYVEAAARSIGEHAKGNAIIVEKSTVPCRTAEMVEKIVAEAAAKNPNVKFSVLSNPEFLAEGTAIKDFMNPDRVLIGCEKTPEGEAAAAELVKLYEAWIPKERILVTNRWSAELSKLVANSMLAQRISSINSMSAICEATGADITEVAKAVGLDSRIGPKFLQAGIGFGGSCFRKDILGFVHLAKTLNLPEVAEYWEQVVRINEFQKKRFAEKVIRALNNTVKDKKIAAWGFAFKKNTDDTRESPAVEVCKTLLGEGAKLAIYDPVVNKQQVHLDLQRVLPAAEVEKLVTIVDDKYAAAKGAHALVVLTEWDEFRAPNYQQIYNDMAKPAYIFDGRNMLDHKALRAIGFNVYGVGRAPAPAAPVAAKAAD
2qta,var,MPEAPAAVDPEATKKWVEEMDKVIAEHGRERTEYLLTRMALEAEKRGVSFAAEPMVSDYVNTIPVEEQPKYPGDVELEKRIRAAVRWNAVSMVVRANQKDAGLGGHQSTFASAATLYEVGFNHFFNAENPKAGGDQVYFQGHASPGVYARAFLEGRLTQEQLDNFRQEVKGGGLPSYPHPRMMPDFWQFPTVSMGLGPIMAIYQARFQKYLEDRGVKDKSAGKVWSFLGDGEMDEPEVLGAISLASREKLDNLVYVINCNLQRLDGPVRGNGKIIQELEGMFKGAGYNVIKAIYGEKWDELFAKDESGKLAAWVKDAKDADYQKMFVADGKYVRENLLEKAPEVAAMVKDMTDEQLVALSRGGHDLEKLVAAFKQADETKDKPTVIIAHTIKGYGLEDAVKGKASSHQMKFLTPDEMKAFGEKLGLKLSDADAEKFGFKAPAEGSEEAAFFAAQKARVDGFVAARAGKELPKVEVPELKDLDAKLLAEKAPMSTARAFAKVLNDLAKVPELRERVIPVSPDEARTFGLEGVFNKAGLFDAEGKPLTEEQKANVLRWRESPKGQVIEEGINETGAASVMHGFATTWEREGKPLLPVFVYYSMFGVQRVGDAEFSAVDSRARSMLIGTASGITTLPEDGPQHFGVHTPSMGLERPGSVSYDLAYANEVAVVMRDAFERMYDEKGSSFFYLSVTTKDFAPAPKAPEGAAEAVAKGLYKVEAPKGEKAKVALFGMGTVLRETVAAAEILKKDFGVESAVYSVTSYTELDRDAREVERWNKLAPAERAKVPAVAEAVGDAPVVAVSDYMKSAAESVRAYVPGKNFAVLGTDGFGRSDTREGLRKFFGVDRFHVAVAALGELAKAGKVDAKVVADTLAKFGADKDYVAANLG
6d9y,var,MHHHHHHEAKPLDLTGKVAFITGGASGIGLATAKALVAKGAAVSIFDLDAEKLAAAEKELAAAGKVLAVAGDVTKEADVEAAVAKTVAEFGKIDILVNAAGILGPFGPVTELDAEAWRKVIDVNLNGTFFCCKAVVPHMEKAGGGRIINLASIAGKEGFVNGAPYCASKFGVIGFTKALARELGPKNILVNAICPAGVRTPLMAGAPQEAVDAMLAEIPLGRFAEPEEAADLIVYLASEANTYCTGATFDMNGGRYIR
1taq,control,MRGMLPLFEPKGRVLLVDGHHLAYRTFHALKGLTTSRGEPVQAVYGFAKSLLKALKEDGDAVIVVFDAKAPSFRHEAYGGYKAGRAPTPEDFPRQLALIKELVDLLGLARLEVPGYEADDVLASLAKKAEKEGYEVRILTADKDLYQLLSDRIHVLHPEGYLITPAWLWEKYGLRPDQWADYRALTGDESDNLPGVKGIGEKTARKLLEEWGSLEALLKNLDRLKPAIREKILAHMDDLKLSWDLAKVRTDLPLEVDFAKRREPDRERLRAFLERLEFGSLLHEFGLLESPKALEEAPWPPPEGAFVGFVLSRKEPMWADLLALAAARGGRVHRAPEPYKALRDLKEARGLLAKDLSVLALREGLGLPPGDDPMLLAYLLDPSNTTPEGVARRYGGEWTEEAGERAALSERLFANLWGRLEGEERLLWLYREVERPLSAVLAHMEATGVRLDVAYLRALSLEVAEEIARLEAEVFRLAGHPFNLNSRDQLERVLFDELGLPAIGKTEKTGKRSTSAAVLEALREAHPIVEKILQYRELTKLKSTYIDPLPDLIHPRTGRLHTRFNQTATATGRLCCCDPNLQNIPVRTPLGQRIRRGFIAEEGWLLVALDYSQIELRVLAHLSGDENLIRVFQEGRDIHTETASWMFGVPREAVDPLMRRAAKTINFGVLYGMSAHRLSQELAIPYEEAQAFIERYFQSFPKVRAWIEKTLEEGRRRGYVETLFGRRRYVPDLEARVKSVREAAERMAFNMPVQGTAADLMKLAMVKLFPRLEEMGARMLLQVHDELVLEAPKERAEAVARLAKEVMEGVYPLAVPLEVEVGIGEDWLSAKE
5fkw,control,MSEPRFVHLRVHSDYSMIDGLAKTAPLVKKAAALGMPALAITDFTNLCGLVKFYGAGHGAGIKPIVGADFNVQCDLLGDELTHLTVLAANNTGYQNLTLLISKAYQRGYGAAGPIIDRDWLIELNEGLILLSGGRMGDVGRSLLRGNSALVDECVAFYEEHFPDRYFLELIRTGRPDEESYLHAAVELAEARGLPVVATNDVRFIDSSDFDAHEIRVAIHDGFTLDDPKRPRNYSPQQYMRSEEEMCELFADIPEALANTVEIAKRCNVTVRLGEYFLPQFPTGDMSTEDYLVKRAKEGLEERLAFLFPDEEERLKRRPEYDERLETELQVINQMGFPGYFLIVMEFIQWSKDNGVPVGPGRGSGAGSLVAYALKITDLDPLEFDLLFERFLNPERVSMPDFDVDFCMEKRDQVIEHVADMYGRDAVSQIITFGTMAAKAVIRDVGRVLGHPYGFVDRISKLIPPDPGMTLAKAFEAEPQLPEIYEADEEVKALIDMARKLEGVTRNAGKHAGGVVIAPTKITDFAPLYCDEEGKHPVTQFDKSDVEYAGLVKFDFLGLRTLTIINWALEMINKRRAKNGEPPLDIAAIPLDDKKSFDMLQRSETTAVFQLESRGMKDLIKRLQPDCFEDMIALVALFRPGPLQSGMVDNFIDRKHGREEISYPDVQWQHESLKPVLEPTYGIILYQEQVMQIAQVLSGYTLGGADMLRRAMGKKKPEEMAKQRSVFAEGAEKNGINAELAMKIFDLVEKFAGYGFNKSHSAAYALVSYQTLWLKAHYPAEFMAAVMTADMDNTEKVVGLVDECWRMGLKILPPDINSGLYHFHVNDDGEIVYGIGAIKGVGEGPIEAIIEARNKGGYFRELFDLCARTDTKKLNRRVLEKLIMSGAFDRLGPHRAALMNSLGDALKAADQHAKAEAIGQLDLFGVLAEEPEQIEQSYASCQPWPEQVVLDGERETLGLYLTGHPINQYLKEIERYVGGVRLKDMHPTERGKVITAAGLVVAARVMVTKRGNRIGICTLDDRSGRLEVMLFTDALDKYQQLLEKDRILIVSGQVSFDDFSGGLKMTAREVMDIDEAREKYARGLAISLTDRQIDDQLLNRLRQSLEPHRSGTIPVHLYYQRADARARLRFGATWRVSPSDRLLNDLRGLIGSEQVELEFDMKFTVEREHLLKPLQQVSGPLGGRPTLPILGNLLLQVADGTLSLTGTDLEMEMVARVALVQPHEPGATTVPARKFFDICRGLPEGAEIAVQLEGERMLVRSGRSRFSLSTLPAADFPNLDDWQSEVEFTLPQATMKRLIEATQFSMAHQDVRYYLNGMLFETEGEELRTVATDGHRLAVCSMPIGQSLPSHSVIVPRKGVIELMRMLDGGDNPLRVQIGSNNIRAHVGDFIFTSKLVDGRFPDYRRVLPKNPDKHLEAGCDLLKQAFARAAILSNEKFRGVRLYVSENQLKITANNPEQEEAEEILDVTYSGAEMEIGFNVSYVLDVLNALKCENVRMMLTDSVSSVQIEDAASQSAAYVVMPMRLMSTAITRQIVLDTETTGMNQIGAHYEGHKIIEIGAVEVVNRRLTGNNFHVYLKPDRLVDPEAFGVHGIADEFLLDKPTFAEVADEFMDYIRGAELVIHNAAFDIGFMDYEFSLLKRDIPKTNTFCKVTDSLAVARKMFPGKRNSLDALCARYEIDNSKRTLHGALLDAQILAEVYLAMTGGQLSLPLAMEGETQQQQGEATIQRIVRQASKLRVVFATDEEIAAHEARLDLVQKKGGSCLWRA
